email,password,userId,role,appointmentId,ratedToUserId,clientIp
admin@example.com,Admin123!,1,admin,101,2,10.20.0.1
reciclador1@example.com,Pass123!,2,user,101,3,10.20.0.2
reciclador2@example.com,Pass123!,3,user,101,2,10.20.0.3
recolector1@example.com,Pass123!,4,user,102,2,10.20.0.4
institucion1@example.com,Pass123!,5,user,103,4,10.20.0.5
admin@example.com,Admin123!,1,admin,101,2,10.20.0.6
reciclador1@example.com,Pass123!,2,user,101,3,10.20.0.7
reciclador2@example.com,Pass123!,3,user,101,2,10.20.0.8
recolector1@example.com,Pass123!,4,user,102,2,10.20.0.9
institucion1@example.com,Pass123!,5,user,103,4,10.20.0.10
admin@example.com,Admin123!,1,admin,101,2,10.20.0.11
reciclador1@example.com,Pass123!,2,user,101,3,10.20.0.12
reciclador2@example.com,Pass123!,3,user,101,2,10.20.0.13
recolector1@example.com,Pass123!,4,user,102,2,10.20.0.14
institucion1@example.com,Pass123!,5,user,103,4,10.20.0.15
admin@example.com,Admin123!,1,admin,101,2,10.20.0.16
reciclador1@example.com,Pass123!,2,user,101,3,10.20.0.17
reciclador2@example.com,Pass123!,3,user,101,2,10.20.0.18
recolector1@example.com,Pass123!,4,user,102,2,10.20.0.19
institucion1@example.com,Pass123!,5,user,103,4,10.20.0.20
admin@example.com,Admin123!,1,admin,101,2,10.20.0.21
reciclador1@example.com,Pass123!,2,user,101,3,10.20.0.22
reciclador2@example.com,Pass123!,3,user,101,2,10.20.0.23
recolector1@example.com,Pass123!,4,user,102,2,10.20.0.24
institucion1@example.com,Pass123!,5,user,103,4,10.20.0.25
admin@example.com,Admin123!,1,admin,101,2,10.20.0.26
reciclador1@example.com,Pass123!,2,user,101,3,10.20.0.27
reciclador2@example.com,Pass123!,3,user,101,2,10.20.0.28
recolector1@example.com,Pass123!,4,user,102,2,10.20.0.29
institucion1@example.com,Pass123!,5,user,103,4,10.20.0.30
admin@example.com,Admin123!,1,admin,101,2,10.20.0.31
reciclador1@example.com,Pass123!,2,user,101,3,10.20.0.32
reciclador2@example.com,Pass123!,3,user,101,2,10.20.0.33
recolector1@example.com,Pass123!,4,user,102,2,10.20.0.34
institucion1@example.com,Pass123!,5,user,103,4,10.20.0.35
admin@example.com,Admin123!,1,admin,101,2,10.20.0.36
reciclador1@example.com,Pass123!,2,user,101,3,10.20.0.37
reciclador2@example.com,Pass123!,3,user,101,2,10.20.0.38
recolector1@example.com,Pass123!,4,user,102,2,10.20.0.39
institucion1@example.com,Pass123!,5,user,103,4,10.20.0.40
admin@example.com,Admin123!,1,admin,101,2,10.20.0.41
reciclador1@example.com,Pass123!,2,user,101,3,10.20.0.42
reciclador2@example.com,Pass123!,3,user,101,2,10.20.0.43
recolector1@example.com,Pass123!,4,user,102,2,10.20.0.44
institucion1@example.com,Pass123!,5,user,103,4,10.20.0.45
admin@example.com,Admin123!,1,admin,101,2,10.20.0.46
reciclador1@example.com,Pass123!,2,user,101,3,10.20.0.47
reciclador2@example.com,Pass123!,3,user,101,2,10.20.0.48
recolector1@example.com,Pass123!,4,user,102,2,10.20.0.49
institucion1@example.com,Pass123!,5,user,103,4,10.20.0.50
admin@example.com,Admin123!,1,admin,101,2,10.20.0.51
reciclador1@example.com,Pass123!,2,user,101,3,10.20.0.52
reciclador2@example.com,Pass123!,3,user,101,2,10.20.0.53
recolector1@example.com,Pass123!,4,user,102,2,10.20.0.54
institucion1@example.com,Pass123!,5,user,103,4,10.20.0.55
admin@example.com,Admin123!,1,admin,101,2,10.20.0.56
reciclador1@example.com,Pass123!,2,user,101,3,10.20.0.57
reciclador2@example.com,Pass123!,3,user,101,2,10.20.0.58
recolector1@example.com,Pass123!,4,user,102,2,10.20.0.59
institucion1@example.com,Pass123!,5,user,103,4,10.20.0.60
admin@example.com,Admin123!,1,admin,101,2,10.20.0.61
reciclador1@example.com,Pass123!,2,user,101,3,10.20.0.62
reciclador2@example.com,Pass123!,3,user,101,2,10.20.0.63
recolector1@example.com,Pass123!,4,user,102,2,10.20.0.64
institucion1@example.com,Pass123!,5,user,103,4,10.20.0.65
admin@example.com,Admin123!,1,admin,101,2,10.20.0.66
reciclador1@example.com,Pass123!,2,user,101,3,10.20.0.67
reciclador2@example.com,Pass123!,3,user,101,2,10.20.0.68
recolector1@example.com,Pass123!,4,user,102,2,10.20.0.69
institucion1@example.com,Pass123!,5,user,103,4,10.20.0.70
admin@example.com,Admin123!,1,admin,101,2,10.20.0.71
reciclador1@example.com,Pass123!,2,user,101,3,10.20.0.72
reciclador2@example.com,Pass123!,3,user,101,2,10.20.0.73
recolector1@example.com,Pass123!,4,user,102,2,10.20.0.74
institucion1@example.com,Pass123!,5,user,103,4,10.20.0.75
admin@example.com,Admin123!,1,admin,101,2,10.20.0.76
reciclador1@example.com,Pass123!,2,user,101,3,10.20.0.77
reciclador2@example.com,Pass123!,3,user,101,2,10.20.0.78
recolector1@example.com,Pass123!,4,user,102,2,10.20.0.79
institucion1@example.com,Pass123!,5,user,103,4,10.20.0.80
admin@example.com,Admin123!,1,admin,101,2,10.20.0.81
reciclador1@example.com,Pass123!,2,user,101,3,10.20.0.82
reciclador2@example.com,Pass123!,3,user,101,2,10.20.0.83
recolector1@example.com,Pass123!,4,user,102,2,10.20.0.84
institucion1@example.com,Pass123!,5,user,103,4,10.20.0.85
admin@example.com,Admin123!,1,admin,101,2,10.20.0.86
reciclador1@example.com,Pass123!,2,user,101,3,10.20.0.87
reciclador2@example.com,Pass123!,3,user,101,2,10.20.0.88
recolector1@example.com,Pass123!,4,user,102,2,10.20.0.89
institucion1@example.com,Pass123!,5,user,103,4,10.20.0.90
admin@example.com,Admin123!,1,admin,101,2,10.20.0.91
reciclador1@example.com,Pass123!,2,user,101,3,10.20.0.92
reciclador2@example.com,Pass123!,3,user,101,2,10.20.0.93
recolector1@example.com,Pass123!,4,user,102,2,10.20.0.94
institucion1@example.com,Pass123!,5,user,103,4,10.20.0.95
admin@example.com,Admin123!,1,admin,101,2,10.20.0.96
reciclador1@example.com,Pass123!,2,user,101,3,10.20.0.97
reciclador2@example.com,Pass123!,3,user,101,2,10.20.0.98
recolector1@example.com,Pass123!,4,user,102,2,10.20.0.99
institucion1@example.com,Pass123!,5,user,103,4,10.20.0.100
admin@example.com,Admin123!,1,admin,101,2,10.20.0.101
reciclador1@example.com,Pass123!,2,user,101,3,10.20.0.102
reciclador2@example.com,Pass123!,3,user,101,2,10.20.0.103
recolector1@example.com,Pass123!,4,user,102,2,10.20.0.104
institucion1@example.com,Pass123!,5,user,103,4,10.20.0.105
admin@example.com,Admin123!,1,admin,101,2,10.20.0.106
reciclador1@example.com,Pass123!,2,user,101,3,10.20.0.107
reciclador2@example.com,Pass123!,3,user,101,2,10.20.0.108
recolector1@example.com,Pass123!,4,user,102,2,10.20.0.109
institucion1@example.com,Pass123!,5,user,103,4,10.20.0.110
admin@example.com,Admin123!,1,admin,101,2,10.20.0.111
reciclador1@example.com,Pass123!,2,user,101,3,10.20.0.112
reciclador2@example.com,Pass123!,3,user,101,2,10.20.0.113
recolector1@example.com,Pass123!,4,user,102,2,10.20.0.114
institucion1@example.com,Pass123!,5,user,103,4,10.20.0.115
admin@example.com,Admin123!,1,admin,101,2,10.20.0.116
reciclador1@example.com,Pass123!,2,user,101,3,10.20.0.117
reciclador2@example.com,Pass123!,3,user,101,2,10.20.0.118
recolector1@example.com,Pass123!,4,user,102,2,10.20.0.119
institucion1@example.com,Pass123!,5,user,103,4,10.20.0.120
admin@example.com,Admin123!,1,admin,101,2,10.20.0.121
reciclador1@example.com,Pass123!,2,user,101,3,10.20.0.122
reciclador2@example.com,Pass123!,3,user,101,2,10.20.0.123
recolector1@example.com,Pass123!,4,user,102,2,10.20.0.124
institucion1@example.com,Pass123!,5,user,103,4,10.20.0.125
admin@example.com,Admin123!,1,admin,101,2,10.20.0.126
reciclador1@example.com,Pass123!,2,user,101,3,10.20.0.127
reciclador2@example.com,Pass123!,3,user,101,2,10.20.0.128
recolector1@example.com,Pass123!,4,user,102,2,10.20.0.129
institucion1@example.com,Pass123!,5,user,103,4,10.20.0.130
admin@example.com,Admin123!,1,admin,101,2,10.20.0.131
reciclador1@example.com,Pass123!,2,user,101,3,10.20.0.132
reciclador2@example.com,Pass123!,3,user,101,2,10.20.0.133
recolector1@example.com,Pass123!,4,user,102,2,10.20.0.134
institucion1@example.com,Pass123!,5,user,103,4,10.20.0.135
admin@example.com,Admin123!,1,admin,101,2,10.20.0.136
reciclador1@example.com,Pass123!,2,user,101,3,10.20.0.137
reciclador2@example.com,Pass123!,3,user,101,2,10.20.0.138
recolector1@example.com,Pass123!,4,user,102,2,10.20.0.139
institucion1@example.com,Pass123!,5,user,103,4,10.20.0.140
admin@example.com,Admin123!,1,admin,101,2,10.20.0.141
reciclador1@example.com,Pass123!,2,user,101,3,10.20.0.142
reciclador2@example.com,Pass123!,3,user,101,2,10.20.0.143
recolector1@example.com,Pass123!,4,user,102,2,10.20.0.144
institucion1@example.com,Pass123!,5,user,103,4,10.20.0.145
admin@example.com,Admin123!,1,admin,101,2,10.20.0.146
reciclador1@example.com,Pass123!,2,user,101,3,10.20.0.147
reciclador2@example.com,Pass123!,3,user,101,2,10.20.0.148
recolector1@example.com,Pass123!,4,user,102,2,10.20.0.149
institucion1@example.com,Pass123!,5,user,103,4,10.20.0.150
admin@example.com,Admin123!,1,admin,101,2,10.20.0.151
reciclador1@example.com,Pass123!,2,user,101,3,10.20.0.152
reciclador2@example.com,Pass123!,3,user,101,2,10.20.0.153
recolector1@example.com,Pass123!,4,user,102,2,10.20.0.154
institucion1@example.com,Pass123!,5,user,103,4,10.20.0.155
admin@example.com,Admin123!,1,admin,101,2,10.20.0.156
reciclador1@example.com,Pass123!,2,user,101,3,10.20.0.157
reciclador2@example.com,Pass123!,3,user,101,2,10.20.0.158
recolector1@example.com,Pass123!,4,user,102,2,10.20.0.159
institucion1@example.com,Pass123!,5,user,103,4,10.20.0.160
admin@example.com,Admin123!,1,admin,101,2,10.20.0.161
reciclador1@example.com,Pass123!,2,user,101,3,10.20.0.162
reciclador2@example.com,Pass123!,3,user,101,2,10.20.0.163
recolector1@example.com,Pass123!,4,user,102,2,10.20.0.164
institucion1@example.com,Pass123!,5,user,103,4,10.20.0.165
admin@example.com,Admin123!,1,admin,101,2,10.20.0.166
reciclador1@example.com,Pass123!,2,user,101,3,10.20.0.167
reciclador2@example.com,Pass123!,3,user,101,2,10.20.0.168
recolector1@example.com,Pass123!,4,user,102,2,10.20.0.169
institucion1@example.com,Pass123!,5,user,103,4,10.20.0.170
admin@example.com,Admin123!,1,admin,101,2,10.20.0.171
reciclador1@example.com,Pass123!,2,user,101,3,10.20.0.172
reciclador2@example.com,Pass123!,3,user,101,2,10.20.0.173
recolector1@example.com,Pass123!,4,user,102,2,10.20.0.174
institucion1@example.com,Pass123!,5,user,103,4,10.20.0.175
admin@example.com,Admin123!,1,admin,101,2,10.20.0.176
reciclador1@example.com,Pass123!,2,user,101,3,10.20.0.177
reciclador2@example.com,Pass123!,3,user,101,2,10.20.0.178
recolector1@example.com,Pass123!,4,user,102,2,10.20.0.179
institucion1@example.com,Pass123!,5,user,103,4,10.20.0.180
admin@example.com,Admin123!,1,admin,101,2,10.20.0.181
reciclador1@example.com,Pass123!,2,user,101,3,10.20.0.182
reciclador2@example.com,Pass123!,3,user,101,2,10.20.0.183
recolector1@example.com,Pass123!,4,user,102,2,10.20.0.184
institucion1@example.com,Pass123!,5,user,103,4,10.20.0.185
admin@example.com,Admin123!,1,admin,101,2,10.20.0.186
reciclador1@example.com,Pass123!,2,user,101,3,10.20.0.187
reciclador2@example.com,Pass123!,3,user,101,2,10.20.0.188
recolector1@example.com,Pass123!,4,user,102,2,10.20.0.189
institucion1@example.com,Pass123!,5,user,103,4,10.20.0.190
admin@example.com,Admin123!,1,admin,101,2,10.20.0.191
reciclador1@example.com,Pass123!,2,user,101,3,10.20.0.192
reciclador2@example.com,Pass123!,3,user,101,2,10.20.0.193
recolector1@example.com,Pass123!,4,user,102,2,10.20.0.194
institucion1@example.com,Pass123!,5,user,103,4,10.20.0.195
admin@example.com,Admin123!,1,admin,101,2,10.20.0.196
reciclador1@example.com,Pass123!,2,user,101,3,10.20.0.197
reciclador2@example.com,Pass123!,3,user,101,2,10.20.0.198
recolector1@example.com,Pass123!,4,user,102,2,10.20.0.199
institucion1@example.com,Pass123!,5,user,103,4,10.20.0.200
admin@example.com,Admin123!,1,admin,101,2,10.20.0.201
reciclador1@example.com,Pass123!,2,user,101,3,10.20.0.202
reciclador2@example.com,Pass123!,3,user,101,2,10.20.0.203
recolector1@example.com,Pass123!,4,user,102,2,10.20.0.204
institucion1@example.com,Pass123!,5,user,103,4,10.20.0.205
admin@example.com,Admin123!,1,admin,101,2,10.20.0.206
reciclador1@example.com,Pass123!,2,user,101,3,10.20.0.207
reciclador2@example.com,Pass123!,3,user,101,2,10.20.0.208
recolector1@example.com,Pass123!,4,user,102,2,10.20.0.209
institucion1@example.com,Pass123!,5,user,103,4,10.20.0.210
admin@example.com,Admin123!,1,admin,101,2,10.20.0.211
reciclador1@example.com,Pass123!,2,user,101,3,10.20.0.212
reciclador2@example.com,Pass123!,3,user,101,2,10.20.0.213
recolector1@example.com,Pass123!,4,user,102,2,10.20.0.214
institucion1@example.com,Pass123!,5,user,103,4,10.20.0.215
admin@example.com,Admin123!,1,admin,101,2,10.20.0.216
reciclador1@example.com,Pass123!,2,user,101,3,10.20.0.217
reciclador2@example.com,Pass123!,3,user,101,2,10.20.0.218
recolector1@example.com,Pass123!,4,user,102,2,10.20.0.219
institucion1@example.com,Pass123!,5,user,103,4,10.20.0.220
admin@example.com,Admin123!,1,admin,101,2,10.20.0.221
reciclador1@example.com,Pass123!,2,user,101,3,10.20.0.222
reciclador2@example.com,Pass123!,3,user,101,2,10.20.0.223
recolector1@example.com,Pass123!,4,user,102,2,10.20.0.224
institucion1@example.com,Pass123!,5,user,103,4,10.20.0.225
admin@example.com,Admin123!,1,admin,101,2,10.20.0.226
reciclador1@example.com,Pass123!,2,user,101,3,10.20.0.227
reciclador2@example.com,Pass123!,3,user,101,2,10.20.0.228
recolector1@example.com,Pass123!,4,user,102,2,10.20.0.229
institucion1@example.com,Pass123!,5,user,103,4,10.20.0.230
admin@example.com,Admin123!,1,admin,101,2,10.20.0.231
reciclador1@example.com,Pass123!,2,user,101,3,10.20.0.232
reciclador2@example.com,Pass123!,3,user,101,2,10.20.0.233
recolector1@example.com,Pass123!,4,user,102,2,10.20.0.234
institucion1@example.com,Pass123!,5,user,103,4,10.20.0.235
admin@example.com,Admin123!,1,admin,101,2,10.20.0.236
reciclador1@example.com,Pass123!,2,user,101,3,10.20.0.237
reciclador2@example.com,Pass123!,3,user,101,2,10.20.0.238
recolector1@example.com,Pass123!,4,user,102,2,10.20.0.239
institucion1@example.com,Pass123!,5,user,103,4,10.20.0.240
admin@example.com,Admin123!,1,admin,101,2,10.20.0.241
reciclador1@example.com,Pass123!,2,user,101,3,10.20.0.242
reciclador2@example.com,Pass123!,3,user,101,2,10.20.0.243
recolector1@example.com,Pass123!,4,user,102,2,10.20.0.244
institucion1@example.com,Pass123!,5,user,103,4,10.20.0.245
admin@example.com,Admin123!,1,admin,101,2,10.20.0.246
reciclador1@example.com,Pass123!,2,user,101,3,10.20.0.247
reciclador2@example.com,Pass123!,3,user,101,2,10.20.0.248
recolector1@example.com,Pass123!,4,user,102,2,10.20.0.249
institucion1@example.com,Pass123!,5,user,103,4,10.20.0.250
admin@example.com,Admin123!,1,admin,101,2,10.20.1.1
reciclador1@example.com,Pass123!,2,user,101,3,10.20.1.2
reciclador2@example.com,Pass123!,3,user,101,2,10.20.1.3
recolector1@example.com,Pass123!,4,user,102,2,10.20.1.4
institucion1@example.com,Pass123!,5,user,103,4,10.20.1.5
admin@example.com,Admin123!,1,admin,101,2,10.20.1.6
reciclador1@example.com,Pass123!,2,user,101,3,10.20.1.7
reciclador2@example.com,Pass123!,3,user,101,2,10.20.1.8
recolector1@example.com,Pass123!,4,user,102,2,10.20.1.9
institucion1@example.com,Pass123!,5,user,103,4,10.20.1.10
admin@example.com,Admin123!,1,admin,101,2,10.20.1.11
reciclador1@example.com,Pass123!,2,user,101,3,10.20.1.12
reciclador2@example.com,Pass123!,3,user,101,2,10.20.1.13
recolector1@example.com,Pass123!,4,user,102,2,10.20.1.14
institucion1@example.com,Pass123!,5,user,103,4,10.20.1.15
admin@example.com,Admin123!,1,admin,101,2,10.20.1.16
reciclador1@example.com,Pass123!,2,user,101,3,10.20.1.17
reciclador2@example.com,Pass123!,3,user,101,2,10.20.1.18
recolector1@example.com,Pass123!,4,user,102,2,10.20.1.19
institucion1@example.com,Pass123!,5,user,103,4,10.20.1.20
admin@example.com,Admin123!,1,admin,101,2,10.20.1.21
reciclador1@example.com,Pass123!,2,user,101,3,10.20.1.22
reciclador2@example.com,Pass123!,3,user,101,2,10.20.1.23
recolector1@example.com,Pass123!,4,user,102,2,10.20.1.24
institucion1@example.com,Pass123!,5,user,103,4,10.20.1.25
admin@example.com,Admin123!,1,admin,101,2,10.20.1.26
reciclador1@example.com,Pass123!,2,user,101,3,10.20.1.27
reciclador2@example.com,Pass123!,3,user,101,2,10.20.1.28
recolector1@example.com,Pass123!,4,user,102,2,10.20.1.29
institucion1@example.com,Pass123!,5,user,103,4,10.20.1.30
admin@example.com,Admin123!,1,admin,101,2,10.20.1.31
reciclador1@example.com,Pass123!,2,user,101,3,10.20.1.32
reciclador2@example.com,Pass123!,3,user,101,2,10.20.1.33
recolector1@example.com,Pass123!,4,user,102,2,10.20.1.34
institucion1@example.com,Pass123!,5,user,103,4,10.20.1.35
admin@example.com,Admin123!,1,admin,101,2,10.20.1.36
reciclador1@example.com,Pass123!,2,user,101,3,10.20.1.37
reciclador2@example.com,Pass123!,3,user,101,2,10.20.1.38
recolector1@example.com,Pass123!,4,user,102,2,10.20.1.39
institucion1@example.com,Pass123!,5,user,103,4,10.20.1.40
admin@example.com,Admin123!,1,admin,101,2,10.20.1.41
reciclador1@example.com,Pass123!,2,user,101,3,10.20.1.42
reciclador2@example.com,Pass123!,3,user,101,2,10.20.1.43
recolector1@example.com,Pass123!,4,user,102,2,10.20.1.44
institucion1@example.com,Pass123!,5,user,103,4,10.20.1.45
admin@example.com,Admin123!,1,admin,101,2,10.20.1.46
reciclador1@example.com,Pass123!,2,user,101,3,10.20.1.47
reciclador2@example.com,Pass123!,3,user,101,2,10.20.1.48
recolector1@example.com,Pass123!,4,user,102,2,10.20.1.49
institucion1@example.com,Pass123!,5,user,103,4,10.20.1.50
admin@example.com,Admin123!,1,admin,101,2,10.20.1.51
reciclador1@example.com,Pass123!,2,user,101,3,10.20.1.52
reciclador2@example.com,Pass123!,3,user,101,2,10.20.1.53
recolector1@example.com,Pass123!,4,user,102,2,10.20.1.54
institucion1@example.com,Pass123!,5,user,103,4,10.20.1.55
admin@example.com,Admin123!,1,admin,101,2,10.20.1.56
reciclador1@example.com,Pass123!,2,user,101,3,10.20.1.57
reciclador2@example.com,Pass123!,3,user,101,2,10.20.1.58
recolector1@example.com,Pass123!,4,user,102,2,10.20.1.59
institucion1@example.com,Pass123!,5,user,103,4,10.20.1.60
admin@example.com,Admin123!,1,admin,101,2,10.20.1.61
reciclador1@example.com,Pass123!,2,user,101,3,10.20.1.62
reciclador2@example.com,Pass123!,3,user,101,2,10.20.1.63
recolector1@example.com,Pass123!,4,user,102,2,10.20.1.64
institucion1@example.com,Pass123!,5,user,103,4,10.20.1.65
admin@example.com,Admin123!,1,admin,101,2,10.20.1.66
reciclador1@example.com,Pass123!,2,user,101,3,10.20.1.67
reciclador2@example.com,Pass123!,3,user,101,2,10.20.1.68
recolector1@example.com,Pass123!,4,user,102,2,10.20.1.69
institucion1@example.com,Pass123!,5,user,103,4,10.20.1.70
admin@example.com,Admin123!,1,admin,101,2,10.20.1.71
reciclador1@example.com,Pass123!,2,user,101,3,10.20.1.72
reciclador2@example.com,Pass123!,3,user,101,2,10.20.1.73
recolector1@example.com,Pass123!,4,user,102,2,10.20.1.74
institucion1@example.com,Pass123!,5,user,103,4,10.20.1.75
admin@example.com,Admin123!,1,admin,101,2,10.20.1.76
reciclador1@example.com,Pass123!,2,user,101,3,10.20.1.77
reciclador2@example.com,Pass123!,3,user,101,2,10.20.1.78
recolector1@example.com,Pass123!,4,user,102,2,10.20.1.79
institucion1@example.com,Pass123!,5,user,103,4,10.20.1.80
admin@example.com,Admin123!,1,admin,101,2,10.20.1.81
reciclador1@example.com,Pass123!,2,user,101,3,10.20.1.82
reciclador2@example.com,Pass123!,3,user,101,2,10.20.1.83
recolector1@example.com,Pass123!,4,user,102,2,10.20.1.84
institucion1@example.com,Pass123!,5,user,103,4,10.20.1.85
admin@example.com,Admin123!,1,admin,101,2,10.20.1.86
reciclador1@example.com,Pass123!,2,user,101,3,10.20.1.87
reciclador2@example.com,Pass123!,3,user,101,2,10.20.1.88
recolector1@example.com,Pass123!,4,user,102,2,10.20.1.89
institucion1@example.com,Pass123!,5,user,103,4,10.20.1.90
admin@example.com,Admin123!,1,admin,101,2,10.20.1.91
reciclador1@example.com,Pass123!,2,user,101,3,10.20.1.92
reciclador2@example.com,Pass123!,3,user,101,2,10.20.1.93
recolector1@example.com,Pass123!,4,user,102,2,10.20.1.94
institucion1@example.com,Pass123!,5,user,103,4,10.20.1.95
admin@example.com,Admin123!,1,admin,101,2,10.20.1.96
reciclador1@example.com,Pass123!,2,user,101,3,10.20.1.97
reciclador2@example.com,Pass123!,3,user,101,2,10.20.1.98
recolector1@example.com,Pass123!,4,user,102,2,10.20.1.99
institucion1@example.com,Pass123!,5,user,103,4,10.20.1.100
admin@example.com,Admin123!,1,admin,101,2,10.20.1.101
reciclador1@example.com,Pass123!,2,user,101,3,10.20.1.102
reciclador2@example.com,Pass123!,3,user,101,2,10.20.1.103
recolector1@example.com,Pass123!,4,user,102,2,10.20.1.104
institucion1@example.com,Pass123!,5,user,103,4,10.20.1.105
admin@example.com,Admin123!,1,admin,101,2,10.20.1.106
reciclador1@example.com,Pass123!,2,user,101,3,10.20.1.107
reciclador2@example.com,Pass123!,3,user,101,2,10.20.1.108
recolector1@example.com,Pass123!,4,user,102,2,10.20.1.109
institucion1@example.com,Pass123!,5,user,103,4,10.20.1.110
admin@example.com,Admin123!,1,admin,101,2,10.20.1.111
reciclador1@example.com,Pass123!,2,user,101,3,10.20.1.112
reciclador2@example.com,Pass123!,3,user,101,2,10.20.1.113
recolector1@example.com,Pass123!,4,user,102,2,10.20.1.114
institucion1@example.com,Pass123!,5,user,103,4,10.20.1.115
admin@example.com,Admin123!,1,admin,101,2,10.20.1.116
reciclador1@example.com,Pass123!,2,user,101,3,10.20.1.117
reciclador2@example.com,Pass123!,3,user,101,2,10.20.1.118
recolector1@example.com,Pass123!,4,user,102,2,10.20.1.119
institucion1@example.com,Pass123!,5,user,103,4,10.20.1.120
admin@example.com,Admin123!,1,admin,101,2,10.20.1.121
reciclador1@example.com,Pass123!,2,user,101,3,10.20.1.122
reciclador2@example.com,Pass123!,3,user,101,2,10.20.1.123
recolector1@example.com,Pass123!,4,user,102,2,10.20.1.124
institucion1@example.com,Pass123!,5,user,103,4,10.20.1.125
admin@example.com,Admin123!,1,admin,101,2,10.20.1.126
reciclador1@example.com,Pass123!,2,user,101,3,10.20.1.127
reciclador2@example.com,Pass123!,3,user,101,2,10.20.1.128
recolector1@example.com,Pass123!,4,user,102,2,10.20.1.129
institucion1@example.com,Pass123!,5,user,103,4,10.20.1.130
admin@example.com,Admin123!,1,admin,101,2,10.20.1.131
reciclador1@example.com,Pass123!,2,user,101,3,10.20.1.132
reciclador2@example.com,Pass123!,3,user,101,2,10.20.1.133
recolector1@example.com,Pass123!,4,user,102,2,10.20.1.134
institucion1@example.com,Pass123!,5,user,103,4,10.20.1.135
admin@example.com,Admin123!,1,admin,101,2,10.20.1.136
reciclador1@example.com,Pass123!,2,user,101,3,10.20.1.137
reciclador2@example.com,Pass123!,3,user,101,2,10.20.1.138
recolector1@example.com,Pass123!,4,user,102,2,10.20.1.139
institucion1@example.com,Pass123!,5,user,103,4,10.20.1.140
admin@example.com,Admin123!,1,admin,101,2,10.20.1.141
reciclador1@example.com,Pass123!,2,user,101,3,10.20.1.142
reciclador2@example.com,Pass123!,3,user,101,2,10.20.1.143
recolector1@example.com,Pass123!,4,user,102,2,10.20.1.144
institucion1@example.com,Pass123!,5,user,103,4,10.20.1.145
admin@example.com,Admin123!,1,admin,101,2,10.20.1.146
reciclador1@example.com,Pass123!,2,user,101,3,10.20.1.147
reciclador2@example.com,Pass123!,3,user,101,2,10.20.1.148
recolector1@example.com,Pass123!,4,user,102,2,10.20.1.149
institucion1@example.com,Pass123!,5,user,103,4,10.20.1.150
admin@example.com,Admin123!,1,admin,101,2,10.20.1.151
reciclador1@example.com,Pass123!,2,user,101,3,10.20.1.152
reciclador2@example.com,Pass123!,3,user,101,2,10.20.1.153
recolector1@example.com,Pass123!,4,user,102,2,10.20.1.154
institucion1@example.com,Pass123!,5,user,103,4,10.20.1.155
admin@example.com,Admin123!,1,admin,101,2,10.20.1.156
reciclador1@example.com,Pass123!,2,user,101,3,10.20.1.157
reciclador2@example.com,Pass123!,3,user,101,2,10.20.1.158
recolector1@example.com,Pass123!,4,user,102,2,10.20.1.159
institucion1@example.com,Pass123!,5,user,103,4,10.20.1.160
admin@example.com,Admin123!,1,admin,101,2,10.20.1.161
reciclador1@example.com,Pass123!,2,user,101,3,10.20.1.162
reciclador2@example.com,Pass123!,3,user,101,2,10.20.1.163
recolector1@example.com,Pass123!,4,user,102,2,10.20.1.164
institucion1@example.com,Pass123!,5,user,103,4,10.20.1.165
admin@example.com,Admin123!,1,admin,101,2,10.20.1.166
reciclador1@example.com,Pass123!,2,user,101,3,10.20.1.167
reciclador2@example.com,Pass123!,3,user,101,2,10.20.1.168
recolector1@example.com,Pass123!,4,user,102,2,10.20.1.169
institucion1@example.com,Pass123!,5,user,103,4,10.20.1.170
admin@example.com,Admin123!,1,admin,101,2,10.20.1.171
reciclador1@example.com,Pass123!,2,user,101,3,10.20.1.172
reciclador2@example.com,Pass123!,3,user,101,2,10.20.1.173
recolector1@example.com,Pass123!,4,user,102,2,10.20.1.174
institucion1@example.com,Pass123!,5,user,103,4,10.20.1.175
admin@example.com,Admin123!,1,admin,101,2,10.20.1.176
reciclador1@example.com,Pass123!,2,user,101,3,10.20.1.177
reciclador2@example.com,Pass123!,3,user,101,2,10.20.1.178
recolector1@example.com,Pass123!,4,user,102,2,10.20.1.179
institucion1@example.com,Pass123!,5,user,103,4,10.20.1.180
admin@example.com,Admin123!,1,admin,101,2,10.20.1.181
reciclador1@example.com,Pass123!,2,user,101,3,10.20.1.182
reciclador2@example.com,Pass123!,3,user,101,2,10.20.1.183
recolector1@example.com,Pass123!,4,user,102,2,10.20.1.184
institucion1@example.com,Pass123!,5,user,103,4,10.20.1.185
admin@example.com,Admin123!,1,admin,101,2,10.20.1.186
reciclador1@example.com,Pass123!,2,user,101,3,10.20.1.187
reciclador2@example.com,Pass123!,3,user,101,2,10.20.1.188
recolector1@example.com,Pass123!,4,user,102,2,10.20.1.189
institucion1@example.com,Pass123!,5,user,103,4,10.20.1.190
admin@example.com,Admin123!,1,admin,101,2,10.20.1.191
reciclador1@example.com,Pass123!,2,user,101,3,10.20.1.192
reciclador2@example.com,Pass123!,3,user,101,2,10.20.1.193
recolector1@example.com,Pass123!,4,user,102,2,10.20.1.194
institucion1@example.com,Pass123!,5,user,103,4,10.20.1.195
admin@example.com,Admin123!,1,admin,101,2,10.20.1.196
reciclador1@example.com,Pass123!,2,user,101,3,10.20.1.197
reciclador2@example.com,Pass123!,3,user,101,2,10.20.1.198
recolector1@example.com,Pass123!,4,user,102,2,10.20.1.199
institucion1@example.com,Pass123!,5,user,103,4,10.20.1.200
admin@example.com,Admin123!,1,admin,101,2,10.20.1.201
reciclador1@example.com,Pass123!,2,user,101,3,10.20.1.202
reciclador2@example.com,Pass123!,3,user,101,2,10.20.1.203
recolector1@example.com,Pass123!,4,user,102,2,10.20.1.204
institucion1@example.com,Pass123!,5,user,103,4,10.20.1.205
admin@example.com,Admin123!,1,admin,101,2,10.20.1.206
reciclador1@example.com,Pass123!,2,user,101,3,10.20.1.207
reciclador2@example.com,Pass123!,3,user,101,2,10.20.1.208
recolector1@example.com,Pass123!,4,user,102,2,10.20.1.209
institucion1@example.com,Pass123!,5,user,103,4,10.20.1.210
admin@example.com,Admin123!,1,admin,101,2,10.20.1.211
reciclador1@example.com,Pass123!,2,user,101,3,10.20.1.212
reciclador2@example.com,Pass123!,3,user,101,2,10.20.1.213
recolector1@example.com,Pass123!,4,user,102,2,10.20.1.214
institucion1@example.com,Pass123!,5,user,103,4,10.20.1.215
admin@example.com,Admin123!,1,admin,101,2,10.20.1.216
reciclador1@example.com,Pass123!,2,user,101,3,10.20.1.217
reciclador2@example.com,Pass123!,3,user,101,2,10.20.1.218
recolector1@example.com,Pass123!,4,user,102,2,10.20.1.219
institucion1@example.com,Pass123!,5,user,103,4,10.20.1.220
admin@example.com,Admin123!,1,admin,101,2,10.20.1.221
reciclador1@example.com,Pass123!,2,user,101,3,10.20.1.222
reciclador2@example.com,Pass123!,3,user,101,2,10.20.1.223
recolector1@example.com,Pass123!,4,user,102,2,10.20.1.224
institucion1@example.com,Pass123!,5,user,103,4,10.20.1.225
admin@example.com,Admin123!,1,admin,101,2,10.20.1.226
reciclador1@example.com,Pass123!,2,user,101,3,10.20.1.227
reciclador2@example.com,Pass123!,3,user,101,2,10.20.1.228
recolector1@example.com,Pass123!,4,user,102,2,10.20.1.229
institucion1@example.com,Pass123!,5,user,103,4,10.20.1.230
admin@example.com,Admin123!,1,admin,101,2,10.20.1.231
reciclador1@example.com,Pass123!,2,user,101,3,10.20.1.232
reciclador2@example.com,Pass123!,3,user,101,2,10.20.1.233
recolector1@example.com,Pass123!,4,user,102,2,10.20.1.234
institucion1@example.com,Pass123!,5,user,103,4,10.20.1.235
admin@example.com,Admin123!,1,admin,101,2,10.20.1.236
reciclador1@example.com,Pass123!,2,user,101,3,10.20.1.237
reciclador2@example.com,Pass123!,3,user,101,2,10.20.1.238
recolector1@example.com,Pass123!,4,user,102,2,10.20.1.239
institucion1@example.com,Pass123!,5,user,103,4,10.20.1.240
admin@example.com,Admin123!,1,admin,101,2,10.20.1.241
reciclador1@example.com,Pass123!,2,user,101,3,10.20.1.242
reciclador2@example.com,Pass123!,3,user,101,2,10.20.1.243
recolector1@example.com,Pass123!,4,user,102,2,10.20.1.244
institucion1@example.com,Pass123!,5,user,103,4,10.20.1.245
admin@example.com,Admin123!,1,admin,101,2,10.20.1.246
reciclador1@example.com,Pass123!,2,user,101,3,10.20.1.247
reciclador2@example.com,Pass123!,3,user,101,2,10.20.1.248
recolector1@example.com,Pass123!,4,user,102,2,10.20.1.249
institucion1@example.com,Pass123!,5,user,103,4,10.20.1.250
